time,seconds_elapsed,bearingAccuracy,speedAccuracy,verticalAccuracy,horizontalAccuracy,speed,bearing,altitude,longitude,latitude
1771514211729000000,0.91,45,1.5,1.1816095113754272,27.760000228881836,0,0,501.70001220703125,73.8696587,18.5096151
1771514215613000000,4.794,58.900001525878906,2.700000047683716,1.2204495668411255,18.43000030517578,1.6693910360336304,112.73490905761719,501.70001220703125,73.8699114,18.5093036
1771514216613000000,5.794,60.900001525878906,2.299999952316284,1.2304495573043823,14.986000061035156,1.3373461961746216,94.653076171875,501.70001220703125,73.8699075,18.5093146
1771514217613000000,6.794,60.20000076293945,1.899999976158142,1.2404495477676392,8.133000373840332,1.2244793176651,72.48905944824219,501.70001220703125,73.8698918,18.5093515
1771514218613000000,7.794,49.20000076293945,1.7000000476837158,1.250449538230896,7.625,1.347199559211731,68.61046600341797,501.70001220703125,73.8698384,18.5094302
1771514219549000000,8.73,180,1.5,1.2883354425430298,14.032999992370605,1.3204909563064575,67.15404510498047,501.70001220703125,73.8698406,18.5094424
1771514219654280200,8.8352802734375,180,1.5,1.288975477218628,18.30500030517578,1.2733972072601318,63.003177642822266,501.70001220703125,73.8698332,18.50945
1771514219973727000,9.15472705078125,103.99884796142578,1.5,1.288975477218628,17.132999420166016,1.149009346961975,74.31639862060547,501.70001220703125,73.8698363,18.509444
1771514220707483600,9.888483642578125,107.44636535644531,0.7132628560066223,1.288975477218628,17.29400062561035,0.5544057488441467,264.53460693359375,501.70001220703125,73.8698356,18.5094414
1771514221116888000,10.29788818359375,180,0.6087060570716858,1.2989754676818848,16.190000534057617,2.010364055633545,90.77112579345703,501.70001220703125,73.8698396,18.5094481
1771514221694143500,10.8751435546875,111.11724853515625,0.6864491105079651,1.3089754581451416,15.418999671936035,1.1595683097839355,335.80279541015625,501.70001220703125,73.8698428,18.5094514
1771514222114245000,11.2952451171875,77.9979476928711,0.48633530735969543,1.3089754581451416,15.654999732971191,1.8708257675170898,40.061161041259766,501.70001220703125,73.8698473,18.5094693
1771514222743183000,11.92418310546875,81.9314956665039,0.5774086117744446,1.3089754581451416,16.06999969482422,1.7299264669418335,32.91579055786133,501.70001220703125,73.8698501,18.5094799
1771514223427887600,12.6088876953125,80.90782165527344,0.5859845280647278,1.3263254165649414,15.713000297546387,1.7121535539627075,36.3382453918457,501.70001220703125,73.8698526,18.5094866
1771514223506659000,12.6876591796875,9.002985000610352,0.34640705585479736,1.3263254165649414,15.105999946594238,2.28198504447937,48.24755859375,501.70001220703125,73.8698854,18.5095135
1771514224447778300,13.6287783203125,15.74819278717041,0.3891071677207947,1.3363254070281982,15.581000328063965,2.1376125812530518,39.55393600463867,501.70001220703125,73.8699077,18.5095362
1771514224511733500,13.6927333984375,6.716370105743408,0.2553415596485138,1.3363254070281982,14.998000144958496,2.2095959186553955,43.347755432128906,501.70001220703125,73.8699266,18.5095518
1771514225360435200,14.541435302734374,9.954317092895508,0.3343064486980438,1.3363254070281982,10.16100025177002,2.086615800857544,31.30628204345703,501.70001220703125,73.8699395,18.50957
1771514225365519600,14.54651953125,9.863364219665527,0.3343064486980438,1.346325397491455,10.244000434875488,2.086482048034668,31.120664596557617,501.70001220703125,73.8699397,18.5095718
1771514225973929500,15.154929443359375,7.149991989135742,0.2798556387424469,1.346325397491455,9.916000366210938,2.114459276199341,40.80036163330078,501.70001220703125,73.8699667,18.5095897
1771514226385120300,15.566120361328124,8.591767311096191,0.31076839566230774,1.356325387954712,9.77400016784668,2.1053876876831055,41.488990783691406,501.70001220703125,73.8699772,18.5095977
1771514226713303000,15.894302978515626,6.746976852416992,0.1979311853647232,1.356325387954712,9.359000205993652,2.2596354484558105,39.697174072265625,501.70001220703125,73.8699886,18.5096075
1771514227404730400,16.58573046875,8.679644584655762,0.27615708112716675,1.2160208225250244,8.892000198364258,2.265691041946411,24.80841636657715,501.20001220703125,73.8699983,18.5096188
1771514227785337600,16.966337646484376,6.789549350738525,0.20246833562850952,1.2160208225250244,8.310999870300293,2.4099881649017334,13.522217750549316,501.20001220703125,73.8700015,18.5096293
1771514228275405300,17.4564052734375,8.59323787689209,0.2445422261953354,1.2160208225250244,8.019000053405762,2.4189231395721436,353.33929443359375,501.20001220703125,73.8700025,18.5096419
1771514228424517000,17.60551708984375,8.877676010131836,0.27826520800590515,1.2260208129882812,7.781000137329102,2.4253764152526855,345.47235107421875,501.20001220703125,73.8700017,18.5096449
1771514228934372600,18.11537255859375,8.621387481689453,0.23379243910312653,1.2310208082199097,7.00600004196167,2.6165096759796143,328.8173828125,501.20001220703125,73.8699986,18.5096604
1771514229091435300,18.272435302734376,7.373563289642334,0.23379243910312653,1.2310208082199097,6.815000057220459,2.6178905963897705,326.5100402832031,501.20001220703125,73.869996,18.5096656
1771514229444045000,18.625045166015624,9.136503219604492,0.27522024512290955,1.236020803451538,6.665999889373779,2.624955177307129,321.5052185058594,501.20001220703125,73.8699911,18.5096724
1771514229600792800,18.781792724609375,7.380275726318359,0.18741290271282196,1.236020803451538,5.939000129699707,2.3421804904937744,323.84814453125,501.20001220703125,73.8699933,18.5096772
1771514229953901300,19.1349013671875,8.788097381591797,0.2407819628715515,1.2410207986831665,5.801000118255615,2.3269577026367188,324.6413879394531,501.20001220703125,73.869991,18.5096831
1771514230610791400,19.79179150390625,8.825899124145508,0.2772781550884247,1.2410207986831665,4.877999782562256,2.187195062637329,322.90252685546875,501.20001220703125,73.8699832,18.509695
1771514231381491700,20.56249169921875,9.419366836547852,0.3364357054233551,1.2560207843780518,4.743000030517578,2.202711343765259,327.1463623046875,501.20001220703125,73.8699726,18.509708
1771514231516150000,20.69714990234375,9.081409454345703,0.1978425830602646,1.2560207843780518,4.51200008392334,2.501197338104248,333.6370544433594,501.20001220703125,73.8699787,18.5097153
1771514232250925300,21.43192529296875,9.322300910949707,0.24531711637973785,1.2560207843780518,4.486999988555908,2.4253931045532227,345.37164306640625,501.20001220703125,73.8699764,18.5097334
1771514232401313000,21.58231298828125,9.384075164794922,0.2822219133377075,1.2660208940505981,4.48799991607666,2.4243690967559814,345.738037109375,501.20001220703125,73.8699763,18.509737
1771514232831222500,22.012222412109374,8.76389217376709,0.1998276561498642,1.2660208940505981,4.388999938964844,2.6230251789093018,349.37799072265625,501.20001220703125,73.8699859,18.5097531
1771514233393615400,22.574615478515625,9.355151176452637,0.23051585257053375,1.2660208940505981,4.295000076293945,2.624493360519409,345.77978515625,501.20001220703125,73.8699861,18.509769
1771514233421199000,22.60219921875,9.333903312683105,0.2774677574634552,1.276020884513855,4.295000076293945,2.6211206912994385,345.54095458984375,501.20001220703125,73.8699864,18.5097699
1771514233829032400,23.010032470703123,6.814316749572754,0.1882992684841156,1.0134299993515015,4.211999893188477,2.7662582397460938,346.9795227050781,501,73.8699902,18.509775
1771514234440848100,23.62184814453125,8.826316833496094,0.27022165060043335,1.0234299898147583,4.110000133514404,2.915667772293091,349.41314697265625,501,73.8699938,18.5098055
1771514234637160700,23.81816064453125,6.482609272003174,0.1745557188987732,1.0234299898147583,4.004000186920166,3.2809572219848633,352.9135437011719,501,73.8699982,18.5098162
1771514235394274300,24.5752744140625,6.485861301422119,0.23090247809886932,1.0234299898147583,3.9700000286102295,3.283759355545044,357.43206787109375,501,73.8699978,18.5098418
1771514236271042800,25.452042724609374,6.664819717407227,0.26009035110473633,1.0334299802780151,3.9839999675750732,3.6769301891326904,358.43310546875,501,73.8700028,18.5098778
1771514236378096000,25.55909619140625,6.573576927185059,0.26009035110473633,1.043429970741272,4.03000020980835,3.703749895095825,358.244384765625,501,73.8700039,18.509883
1771514236781801000,25.962801025390625,6.201972007751465,0.20098048448562622,1.043429970741272,3.943000078201294,3.352959156036377,10.093951225280762,501,73.8700261,18.5098964
1771514237372348000,26.553347900390627,6.599046230316162,0.23973555862903595,1.043429970741272,3.9579999446868896,3.331500291824341,17.024242401123047,501,73.8700422,18.5099149
1771514237397895700,26.578895751953127,6.603866100311279,0.23973555862903595,1.0534299612045288,3.9860000610351562,3.337228536605835,18.31531524658203,501,73.8700452,18.5099154
1771514237984450000,27.165449951171876,4.1631855964660645,0.22486147284507751,1.0534299612045288,3.9100000858306885,3.228231906890869,28.384227752685547,501,73.8700635,18.5099333
1771514238412403500,27.593403564453126,5.996170997619629,0.26787492632865906,1.0534299612045288,3.75,3.210052728652954,34.86800003051758,501,73.8700754,18.5099446
1771514238417532400,27.598532470703127,6.030178546905518,0.26787492632865906,1.0634299516677856,3.681999921798706,3.2117395401000977,36.67783737182617,501,73.8700769,18.5099448
1771514239053001500,28.23400146484375,6.415760517120361,0.3067173361778259,1.0634299516677856,3.628999948501587,3.125969648361206,49.84270477294922,501,73.8700956,18.5099596
1771514239437368300,28.618368408203125,6.357612609863281,0.3067173361778259,1.0734299421310425,3.5980000495910645,3.114762544631958,59.83104705810547,501,73.8701067,18.5099649
1771514239583014400,28.764014404296876,6.417544841766357,0.2493046373128891,1.0734299421310425,3.571000099182129,3.131324052810669,65.73143768310547,501,73.8701167,18.5099664
1771514239952242700,29.13324267578125,6.421215534210205,0.2493046373128891,1.0734299421310425,3.5799999237060547,3.1323437690734863,71.81332397460938,501,73.87013,18.5099694
1771514240355231700,29.536231689453125,7.316887378692627,0.2810004949569702,1.0834300518035889,3.5799999237060547,3.127476215362549,80.24510955810547,501,73.870144,18.5099716
1771514240521048600,29.702048583984375,6.696958065032959,0.20674806833267212,1.0834300518035889,3.559000015258789,3.1459150314331055,84.8642807006836,501,73.8701521,18.5099708
1771514240967144400,30.14814453125,6.911398410797119,0.2629747986793518,1,3.563999891281128,3.0901575088500977,94.20331573486328,501.20001220703125,73.8701665,18.5099696
1771514241112418600,30.29341845703125,6.835687637329102,0.27371644973754883,1,3.569000005722046,3.065486431121826,99.064453125,501.20001220703125,73.870173,18.5099658
1771514241378032400,30.559032470703126,6.945354461669922,0.309439480304718,1,3.4619998931884766,3.065181016921997,103.10064697265625,501.20001220703125,73.870181,18.5099625
1771514241806377700,30.987377685546875,7.110878944396973,0.2665001451969147,1.0047500133514404,3.4639999866485596,3.0049803256988525,108.41107940673828,501.20001220703125,73.8701945,18.5099582
1771514242423972600,31.60497265625,8.74856948852539,0.30030232667922974,1.0047500133514404,3.4049999713897705,3.0009422302246094,108.6627426147461,501.20001220703125,73.8702133,18.5099515
1771514243338793000,32.51979296875,8.608306884765625,0.2974397838115692,1.0147500038146973,3.515000104904175,2.960198163986206,102.64634704589844,501.20001220703125,73.8702405,18.5099463
1771514243415163100,32.5961630859375,7.266010761260986,0.2974397838115692,1.024749994277954,3.5859999656677246,2.9537458419799805,101.71902465820312,501.20001220703125,73.8702421,18.5099466
1771514243949481700,33.13048168945313,8.73502254486084,0.24941037595272064,1.024749994277954,3.7219998836517334,2.9291577339172363,101.93008422851562,501.20001220703125,73.8702587,18.5099441
1771514244429844700,33.6108447265625,9.110466003417969,0.29238173365592957,1.024749994277954,3.884999990463257,2.913933038711548,103.92422485351562,501.20001220703125,73.8702728,18.5099412
1771514244435068700,33.61606860351562,9.203015327453613,0.29238173365592957,1.034749984741211,3.940999984741211,2.9139244556427,104.40621948242188,501.20001220703125,73.8702731,18.5099411
1771514244919175000,34.1001748046875,9.206263542175293,0.2593226730823517,1.034749984741211,4.0269999504089355,2.915818691253662,104.78826904296875,501.20001220703125,73.8702881,18.5099363
1771514245455032000,34.636031982421876,8.995790481567383,0.2927936911582947,1.0447499752044678,4.130000114440918,2.9257326126098633,102.6441421508789,501.20001220703125,73.8703025,18.5099326
1771514245513495800,34.694495849609375,7.127869129180908,0.20333120226860046,1.0447499752044678,4.164999961853027,2.9159011840820312,102.96244049072266,501.20001220703125,73.8703074,18.5099294
1771514246372756000,35.553755859375,8.793426513671875,0.28184831142425537,1.0547499656677246,4.376999855041504,2.917379140853882,99.52149963378906,501.20001220703125,73.8703331,18.5099232
1771514246753262000,35.93426196289062,7.172211647033691,0.20657677948474884,1.0547499656677246,4.4079999923706055,2.907911539077759,99.23314666748047,501.20001220703125,73.8703471,18.5099182
1771514247265743600,36.44674365234375,6.9726433753967285,0.24670101702213287,1.0547499656677246,4.486000061035156,2.9073829650878906,98.3891372680664,501.20001220703125,73.8703636,18.5099147
1771514247392329200,36.5733291015625,8.82303237915039,0.28632983565330505,1.0647499561309814,4.514999866485596,2.914642333984375,98.17407989501953,501.20001220703125,73.8703674,18.5099139
1771514248004169500,37.18516943359375,6.898877143859863,0.24904265999794006,1,4.553999900817871,2.975623607635498,98.34963989257812,501.5,73.8703898,18.5099092
1771514248180035300,37.36103540039063,6.855076313018799,0.2470451146364212,1,4.553999900817871,2.9767332077026367,99.46524047851562,501.5,73.8703961,18.5099055
1771514248412188400,37.5931884765625,8.798165321350098,0.2832671105861664,1.0037399530410767,4.570000171661377,2.9731826782226562,100.43938446044922,501.5,73.8704023,18.5099032
1771514248940507600,38.12150756835938,7.000466346740723,0.2548321783542633,1.0037399530410767,4.559999942779541,3.038576364517212,103.03575134277344,501.5,73.8704235,18.5098986
1771514249424884000,38.605884033203125,7.102823257446289,0.2885114252567291,1.0037399530410767,4.593999862670898,3.049114227294922,104.39120483398438,501.5,73.8704403,18.5098944
1771514249432175600,38.61317553710938,7.0989203453063965,0.2885114252567291,1.0137399435043335,4.613999843597412,3.0509774684906006,104.56781005859375,501.5,73.8704412,18.5098941
1771514250077702000,39.25870190429688,8.647010803222656,0.2369748204946518,1.0137399435043335,4.644000053405762,3.1547296047210693,102.4095230102539,501.5,73.8704677,18.5098889
1771514250350232800,39.53123291015625,9.053909301757812,0.27530696988105774,1.0237400531768799,4.670000076293945,3.1608924865722656,101.09852600097656,501.5,73.8704782,18.5098871
1771514250672372700,39.85337280273438,6.868564605712891,0.1956314891576767,1.0237400531768799,4.701000213623047,3.3056719303131104,99.08334350585938,501.5,73.8704947,18.5098851
1771514251343770600,40.5247705078125,7.046884059906006,0.23801453411579132,1.0237400531768799,4.7220001220703125,3.3190391063690186,95.76420593261719,501.5,73.8705216,18.5098822
1771514251472076500,40.65307666015625,9.391607284545898,0.2805778384208679,1.0337400436401367,4.750999927520752,3.3240506649017334,94.85082244873047,501.5,73.8705248,18.5098822
1771514252390143500,41.5711435546875,9.115257263183594,0.29394009709358215,1.0437400341033936,4.800000190734863,3.4382944107055664,88.31312561035156,501.5,73.870567,18.5098824
1771514253410387700,42.5913876953125,9.218798637390137,0.29699233174324036,1.0537400245666504,4.872000217437744,3.6224660873413086,90.13697814941406,501.5,73.8706113,18.5098831
1771514253513373200,42.69437329101562,7.242159366607666,0.2011405974626541,1.0537400245666504,4.882999897003174,3.84505558013916,92.07099151611328,501.5,73.8706215,18.5098796
1771514254261772000,43.44277197265625,8.798383712768555,0.23150713741779327,1.0537400245666504,4.980999946594238,3.8509724140167236,94.7721176147461,501.5,73.8706534,18.5098759
1771514254430458400,43.611458251953124,9.048043251037598,0.2693636417388916,1.0637400150299072,5.044000148773193,3.86075496673584,95.4656982421875,501.5,73.8706593,18.5098748
1771514254769620500,43.95062036132813,7.214051246643066,0.1971540004014969,1.0637400150299072,5.081999778747559,4.051866054534912,96.13641357421875,501.5,73.8706803,18.5098688
1771514255157433900,44.338433837890626,7.536678791046143,0.24663342535495758,1.0637400150299072,5.1479997634887695,4.0669403076171875,94.85272216796875,501.5,73.8706985,18.5098656
1771514255450496500,44.63149658203125,8.683935165405273,0.27007555961608887,1.073740005493164,5.197999954223633,4.057321071624756,92.61316680908203,501.5,73.8707095,18.5098645
1771514255516134000,44.6971337890625,9.021947860717773,0.22820024192333221,1.073740005493164,5.204999923706055,4.294816017150879,91.9819107055664,501.5,73.8707211,18.5098608
1771514256057762800,45.2387626953125,8.990789413452148,0.24578191339969635,1.073740005493164,5.281000137329102,4.254969120025635,90.43742370605469,501.5,73.8707475,18.5098588
1771514256368638700,45.549638671875,9.260767936706543,0.24578191339969635,1.083739995956421,5.3379998207092285,4.2504143714904785,90.70311737060547,501.5,73.8707621,18.5098582
1771514256710231600,45.8912314453125,6.802216053009033,0.20447203516960144,1.083739995956421,5.368000030517578,4.329225063323975,93.61039733886719,501.5,73.8707846,18.5098535
1771514256932544300,46.11354418945312,6.992889404296875,0.20447203516960144,1.083739995956421,5.390999794006348,4.339684009552002,95.0456314086914,501.5,73.8707976,18.509851
1771514257156940500,46.3379404296875,8.830843925476074,0.24233491718769073,1.083739995956421,5.429999828338623,4.347797870635986,95.78707122802734,501.5,73.8708093,18.509849
1771514257348000000,46.529,7.900000095367432,1.5,1.0937399864196777,5.248000144958496,4.428452968597412,98.22295379638672,501.5,73.8708596,18.5098272
1771514258348000000,47.529,7.400000095367432,1.399999976158142,1.1037399768829346,5.1020002365112305,4.746570110321045,100.00835418701172,501.5,73.8709449,18.5098028
1771514259348000000,48.529,8.800000190734863,1.399999976158142,1.1137399673461914,4.882999897003174,5.077773094177246,102.02618408203125,501.5,73.8710106,18.5097865
1771514260348000000,49.529,8.100000381469727,1.5,1.1237399578094482,4.5329999923706055,5.326998710632324,102.25120544433594,501.5,73.8710706,18.5097742
1771514261348000000,50.529,8.300000190734863,1.399999976158142,1.133739948272705,4.0320000648498535,5.536149501800537,102.83138275146484,501.5,73.8711239,18.5097634
1771514262348000000,51.529,8.699999809265137,1.5,1.1437400579452515,2.700000047683716,5.689089775085449,104.15264129638672,501.5,73.8711776,18.5097505
1771514263348000000,52.529,8.600000381469727,1.399999976158142,1.1537400484085083,2.632999897003174,5.811978340148926,106.91861724853516,501.5,73.8712349,18.5097318
1771514264348000000,53.529,12.600000381469727,1.7000000476837158,1.1637400388717651,2.565999984741211,5.811424732208252,107.06617736816406,501.5,73.8712881,18.509707
1771514265348000000,54.529,18.799999237060547,2.0999999046325684,1.173740029335022,2.5329999923706055,5.722047805786133,107.41239929199219,501.5,73.8713316,18.5096904
1771514266348000000,55.529,19.399999618530273,2.0999999046325684,1.1837400197982788,2.5,5.34590482711792,105,501.5,73.8713617,18.50968
1771514267348000000,56.529,17.200000762939453,1.7000000476837158,1.1937400102615356,2.450000047683716,5.04942512512207,106,501.5,73.8713867,18.5096633
1771514268348000000,57.529,20.299999237060547,1.899999976158142,1.2037400007247925,2.4159998893737793,4.782284259796143,99,501.5,73.8714167,18.509655
1771514269348000000,58.529,20.600000381469727,1.7999999523162842,1.2137399911880493,2.4660000801086426,4.563012599945068,88,501.5,73.8714483,18.5096467
1771514270348000000,59.529,26,2.4000000953674316,1.2237399816513062,2.549999952316284,4.347858428955078,96,501.5,73.871485,18.50964
1771514271348000000,60.529,15.300000190734863,1.7999999523162842,1.02987539768219,2.5999999046325684,4.2742533683776855,99,504.4000244140625,73.8715283,18.5096333
1771514272348000000,61.529,16.299999237060547,2.299999952316284,1.0398753881454468,2.6659998893737793,4.2176337242126465,104,504.4000244140625,73.8715767,18.5096217
1771514273348000000,62.529,21.399999618530273,2.299999952316284,1.0498753786087036,2.75,4.0827765464782715,105,504.4000244140625,73.8716217,18.50961
1771514274348000000,63.529,18.700000762939453,2.299999952316284,1.0598753690719604,2.8329999446868896,4.023068904876709,104,504.4000244140625,73.871665,18.5095833
1771514275348000000,64.529,12.899999618530273,1.899999976158142,1.0698753595352173,2.9000000953674316,4.094100475311279,106,504.4000244140625,73.8717083,18.5095517
1771514276348000000,65.529,10.5,1.600000023841858,1.0798753499984741,2.933000087738037,4.3015336990356445,104,504.4000244140625,73.8717617,18.5095367
1771514277348000000,66.529,9.899999618530273,1.600000023841858,1.0898754596710205,2.9660000801086426,4.537276268005371,105,504.4000244140625,73.8718167,18.5095183
1771514278348000000,67.529,10,1.5,1.0998754501342773,2.9660000801086426,4.789490222930908,105,504.4000244140625,73.8718733,18.5095
1771514279348000000,68.529,10.300000190734863,1.5,1.1098754405975342,2.950000047683716,5.040160179138184,99,504.4000244140625,73.871935,18.5094883
1771514280348000000,69.529,8.699999809265137,1.399999976158142,1.119875431060791,2.8499999046325684,5.247592926025391,97,504.4000244140625,73.872005,18.5094767
1771514281348000000,70.529,10.699999809265137,1.5,1.1298754215240479,2.7160000801086426,5.3350958824157715,103,504.4000244140625,73.8720667,18.5094667
1771514282348000000,71.529,10.800000190734863,1.399999976158142,1.1398754119873047,2.549999952316284,5.303183078765869,100,504.4000244140625,73.8721133,18.5094517
1771514283348000000,72.529,14.399999618530273,1.2999999523162842,1.1498754024505615,2.4000000953674316,5.154942989349365,88,504.4000244140625,73.8721467,18.50945
1771514284348000000,73.529,24.200000762939453,1.899999976158142,1.1598753929138184,2.2660000324249268,4.967584133148193,73,504.4000244140625,73.8721733,18.50946
1771514285348000000,74.529,30.200000762939453,2,1.1698753833770752,2.1500000953674316,4.709708213806152,49,504.4000244140625,73.872195,18.5094733
1771514286348000000,75.529,33.900001525878906,2.200000047683716,1.179875373840332,2.0829999446868896,4.3936686515808105,37,504.4000244140625,73.87221,18.50949
1771514287348000000,76.529,29.100000381469727,2,1.1898753643035889,2.049999952316284,4.069394111633301,26,504.4000244140625,73.872225,18.5095133
1771514288348000000,77.529,30.5,2.4000000953674316,1.1190439462661743,2.065999984741211,3.788870334625244,27,504.6000061035156,73.8722433,18.5095417
1771514289348000000,78.529,20.799999237060547,1.899999976158142,1.1290439367294312,2.065999984741211,3.573716402053833,27,504.6000061035156,73.8722617,18.5095733
1771514290348000000,79.529,18.299999237060547,2.0999999046325684,1.139043927192688,2.065999984741211,3.448638916015625,27,504.6000061035156,73.8722833,18.5096133
1771514291348000000,80.529,16.299999237060547,1.899999976158142,1.1490440368652344,2.065999984741211,3.3750336170196533,31,504.6000061035156,73.8723033,18.5096533
1771514292348000000,81.529,13.699999809265137,1.7999999523162842,1.1590440273284912,2.0829999446868896,3.4218733310699463,34,504.6000061035156,73.872335,18.5096917
1771514293348000000,82.529,16.399999618530273,2,1.169044017791748,2.0999999046325684,3.5927610397338867,26,504.6000061035156,73.872355,18.5097383
1771514294348000000,83.529,17.399999618530273,2,1.1790440082550049,2.0999999046325684,3.7780611515045166,14,504.6000061035156,73.8723683,18.509785
1771514295348000000,84.529,13.600000381469727,1.7999999523162842,1.1890439987182617,2.0999999046325684,4.029245376586914,19,504.6000061035156,73.8723833,18.5098317
1771514296348000000,85.529,14.899999618530273,1.899999976158142,1.1990439891815186,2.115999937057495,4.269620895385742,18,504.6000061035156,73.8723983,18.50988
1771514297348000000,86.529,14.899999618530273,1.899999976158142,1.2090439796447754,2.132999897003174,4.516172885894775,20,504.6000061035156,73.8724167,18.50993
1771514298348000000,87.529,10.5,1.600000023841858,1.2190439701080322,2.1500000953674316,4.73544454574585,17,504.6000061035156,73.872435,18.5099833
1771514299348000000,88.529,19.799999237060547,2.299999952316284,1.229043960571289,2.183000087738037,4.8759636878967285,16,504.6000061035156,73.8724483,18.5100333
1771514300348000000,89.529,22.399999618530273,2.4000000953674316,1.239043951034546,2.2660000324249268,4.950598239898682,11,504.6000061035156,73.872455,18.510085
1771514301348000000,90.529,26.5,2.700000047683716,1.2490439414978027,2.382999897003174,4.966554641723633,7,504.6000061035156,73.8724583,18.510135
1771514302348000000,91.529,22.399999618530273,2.700000047683716,1.2590439319610596,2.5,5.008247375488281,349,504.6000061035156,73.8724367,18.5101867
1771514303348000000,92.529,16.600000381469727,2.0999999046325684,1.269044041633606,2.565999984741211,5.0967793464660645,337,504.6000061035156,73.8723883,18.5102483
1771514304348000000,93.529,14.100000381469727,1.899999976158142,1.2790440320968628,2.615999937057495,5.185826301574707,330,504.6000061035156,73.8723483,18.5103033
1771514305348000000,94.529,11.5,1.600000023841858,1.2890440225601196,2.632999897003174,5.238327980041504,325,504.6000061035156,73.8723167,18.51035
1771514306348000000,95.529,11.100000381469727,1.600000023841858,1.2990440130233765,2.5999999046325684,5.321198463439941,326,504.6000061035156,73.8722817,18.5103917
1771514307348000000,96.529,10,1.399999976158142,1.3090440034866333,2.5329999923706055,5.3484787940979,328,504.6000061035156,73.8722517,18.51044
1771514308348000000,97.529,10.699999809265137,1.2999999523162842,1.3190439939498901,2.433000087738037,5.3078155517578125,330,504.6000061035156,73.8722233,18.5104967
1771514309348000000,98.529,9.699999809265137,1.2999999523162842,1.329043984413147,2.365999937057495,5.309874534606934,328,504.6000061035156,73.8722,18.5105483
1771514310348000000,99.529,14.399999618530273,1.7999999523162842,1.3390439748764038,2.315999984741211,5.3000946044921875,320,504.6000061035156,73.8721717,18.5105867
1771514311348000000,100.529,17.5,2.299999952316284,1.3490439653396606,2.299999952316284,5.316565990447998,319,504.6000061035156,73.87214,18.510625
1771514312348000000,101.529,11.699999809265137,2,1.3590439558029175,2.2829999923706055,5.414362907409668,328,504.6000061035156,73.8721033,18.510675
1771514313348000000,102.529,8.5,1.5,1.3690439462661743,2.2660000324249268,5.5502495765686035,340,504.6000061035156,73.8720717,18.510735
1771514314348000000,103.529,10.399999618530273,1.7999999523162842,1.3790439367294312,2.2660000324249268,5.743785381317139,344,504.6000061035156,73.8720567,18.5108117
1771514315348000000,104.529,8.300000190734863,1.5,1.389043927192688,2.2829999923706055,5.97335147857666,344,504.6000061035156,73.8720367,18.5108817
1771514316348000000,105.529,8.899999618530273,1.600000023841858,1.3990440368652344,2.3329999446868896,6.176151752471924,345,504.6000061035156,73.8720183,18.51095
1771514317348000000,106.529,8.300000190734863,1.600000023841858,1.4090440273284912,2.3329999446868896,7.4454569816589355,348,504.6000061035156,73.8719933,18.5110267
1771514318348000000,107.529,7.900000095367432,1.600000023841858,1.419044017791748,2.3329999446868896,7.056326866149902,347,504.6000061035156,73.871975,18.5110967
1771514319348000000,108.529,8,1.5,1.4290440082550049,2.3329999446868896,6.933308124542236,344,504.6000061035156,73.8719583,18.5111683
1771514320348000000,109.529,10,1.600000023841858,1.4390439987182617,2.3329999446868896,6.778891563415527,345,504.6000061035156,73.8719467,18.5112367
1771514321348000000,110.529,10.699999809265137,1.7000000476837158,1.4490439891815186,2.3329999446868896,6.797421455383301,344,504.6000061035156,73.8719217,18.511305
1771514322348000000,111.529,10.600000381469727,1.7999999523162842,1.4590439796447754,2.299999952316284,7.019781589508057,343,504.6000061035156,73.8718983,18.5113683
1771514323348000000,112.529,10.800000190734863,1.7000000476837158,1.4690439701080322,2.299999952316284,6.796392440795898,344,504.6000061035156,73.87189,18.5114317
1771514324348000000,113.529,8.399999618530273,1.5,1.479043960571289,2.2829999923706055,6.980147838592529,345,504.6000061035156,73.871875,18.511495
1771514325348000000,114.529,8,1.5,1.489043951034546,2.2660000324249268,6.979118824005127,346,504.6000061035156,73.871855,18.5115633
1771514326348000000,115.529,7.599999904632568,1.5,1.4990439414978027,2.2330000400543213,7.135594367980957,347,504.6000061035156,73.8718333,18.5116283
1771514327348000000,116.529,6.900000095367432,1.2999999523162842,1.5090439319610596,2.200000047683716,7.159786224365234,347,504.6000061035156,73.871815,18.511695
1771514328348000000,117.529,5.400000095367432,1.2000000476837158,1.519044041633606,2.1659998893737793,7.375454902648926,349,504.6000061035156,73.8717983,18.5117567
1771514329348000000,118.529,6,1.2000000476837158,1.5290440320968628,2.132999897003174,7.373910427093506,351,504.6000061035156,73.87179,18.5118217
1771514330348000000,119.529,5.199999809265137,1.2000000476837158,1.5390440225601196,2.115999937057495,7.160815715789795,349,504.6000061035156,73.871775,18.511885
1771514331348000000,120.529,6.099999904632568,1.2999999523162842,1.5490440130233765,2.0999999046325684,7.409426212310791,347,504.6000061035156,73.8717483,18.5119533
1771514332348000000,121.529,6.800000190734863,1.399999976158142,1.5590440034866333,2.0999999046325684,7.371336936950684,346,504.6000061035156,73.871725,18.5120217
1771514333348000000,122.529,5.300000190734863,1.2000000476837158,1.5690439939498901,2.0829999446868896,7.343542098999023,347,504.6000061035156,73.8717017,18.5120867
1771514334348000000,123.529,6,1.2000000476837158,1.579043984413147,2.065999984741211,7.352292060852051,348,504.6000061035156,73.8716833,18.5121517
1771514335348000000,124.529,6.300000190734863,1.2999999523162842,1.5890439748764038,2.065999984741211,7.441854000091553,347,504.6000061035156,73.8716633,18.5122217
1771514336348000000,125.529,6.5,1.2999999523162842,1.5990439653396606,2.065999984741211,7.538106918334961,347,504.6000061035156,73.8716433,18.51229
1771514337348000000,126.529,6.199999809265137,1.2999999523162842,1.6090439558029175,2.065999984741211,7.409426212310791,349,504.6000061035156,73.871625,18.5123583
1771514338348000000,127.529,5.599999904632568,1.2000000476837158,1.6190439462661743,2.065999984741211,7.417662143707275,351,504.6000061035156,73.8716067,18.5124233
1771514339348000000,128.529,6.400000095367432,1.2999999523162842,1.6290439367294312,2.0829999446868896,7.155668258666992,352,504.6000061035156,73.8715967,18.5124867
1771514340348000000,129.529,9.899999618530273,1.7000000476837158,1.639043927192688,2.0999999046325684,6.96830940246582,350,504.6000061035156,73.8715817,18.512545
1771514341348000000,130.529,9.5,1.600000023841858,1.6490440368652344,2.0999999046325684,6.970882892608643,348,504.6000061035156,73.871575,18.512605
1771514342348000000,131.529,6.699999809265137,1.399999976158142,1.6590440273284912,2.0999999046325684,7.37957239151001,346,504.6000061035156,73.8715567,18.51267
1771514343348000000,132.529,7.400000095367432,1.5,1.669044017791748,2.0999999046325684,7.4120001792907715,346,504.6000061035156,73.871535,18.5127433
1771514344348000000,133.529,6.800000190734863,1.399999976158142,1.6790440082550049,2.0999999046325684,7.214346885681152,348,504.6000061035156,73.8715167,18.51281
1771514345348000000,134.529,8.399999618530273,1.5,1.6890439987182617,2.115999937057495,7.103681564331055,347,504.6000061035156,73.871505,18.5128783
1771514346348000000,135.529,8.800000190734863,1.600000023841858,1.6990439891815186,2.115999937057495,7.081033706665039,350,504.6000061035156,73.8714933,18.5129433
1771514347348000000,136.529,8.600000381469727,1.5,1.7090439796447754,2.115999937057495,7.285892963409424,349,504.6000061035156,73.8714817,18.51301
1771514348348000000,137.529,8.300000190734863,1.5,1.7190439701080322,2.132999897003174,7.325011730194092,349,504.6000061035156,73.8714683,18.513085
1771514349348000000,138.529,9.199999809265137,1.7000000476837158,1.729043960571289,2.1500000953674316,7.317805767059326,351,504.6000061035156,73.871465,18.51315
1771514350348000000,139.529,9.5,1.7000000476837158,1.739043951034546,2.1500000953674316,7.162359714508057,347,504.6000061035156,73.8714483,18.5132167
1771514351348000000,140.529,9,1.600000023841858,1.7490439414978027,2.115999937057495,7.262215614318848,346,504.6000061035156,73.8714317,18.5132817
1771514352348000000,141.529,9.199999809265137,1.7000000476837158,1.7590439319610596,2.132999897003174,7.168536186218262,350,504.6000061035156,73.8714167,18.513345
1771514353348000000,142.529,11.399999618530273,1.899999976158142,1.769044041633606,2.183000087738037,6.955441474914551,350,504.6000061035156,73.8714083,18.5134033
1771514354348000000,143.529,13.399999618530273,2.200000047683716,1.7790440320968628,2.2160000801086426,6.938455581665039,348,504.6000061035156,73.8713967,18.5134617
1771514355348000000,144.529,12.899999618530273,2,1.7890440225601196,2.25,6.3691725730896,347,504.6000061035156,73.8713883,18.513515
1771514356348000000,145.529,14.199999809265137,2.200000047683716,1.7990440130233765,2.299999952316284,5.7592267990112305,348,504.6000061035156,73.87138,18.513575
1771514357348000000,146.529,21.100000381469727,2.4000000953674316,1.8090440034866333,2.365999937057495,4.174911975860596,353,504.6000061035156,73.87138,18.5136167
1771514358348000000,147.529,17,1.899999976158142,1.8190439939498901,2.382999897003174,4.306680679321289,345,504.6000061035156,73.871375,18.5136567
1771514359348000000,148.529,13.5,1.399999976158142,1.829043984413147,2.3329999446868896,4.663383483886719,350,504.6000061035156,73.871365,18.513695
1771514360348000000,149.529,13.800000190734863,1.7000000476837158,1.8390439748764038,2.2829999923706055,5.048910140991211,350,504.6000061035156,73.8713567,18.513735
1771514361348000000,150.529,12.300000190734863,1.7999999523162842,1.8490439653396606,2.2330000400543213,5.710328102111816,346,504.6000061035156,73.8713383,18.51379
1771514362348000000,151.529,8.699999809265137,1.399999976158142,1.0257099866867065,2.183000087738037,6.428365707397461,347,499.4000244140625,73.871315,18.5138517
1771514363348000000,152.529,9.100000381469727,1.600000023841858,1.0357099771499634,2.1500000953674316,7.227729320526123,346,499.4000244140625,73.8712883,18.51392
1771514364348000000,153.529,8.800000190734863,1.600000023841858,1.0457099676132202,2.0999999046325684,7.093901634216309,344,499.4000244140625,73.87126,18.5139883
1771514365348000000,154.529,8.600000381469727,1.600000023841858,1.055709958076477,2.0829999446868896,7.420750141143799,347,499.4000244140625,73.871235,18.5140583
1771514366348000000,155.529,7.300000190734863,1.399999976158142,1.0657099485397339,2.0999999046325684,7.819660186767578,349,499.4000244140625,73.87121,18.5141333
1771514367348000000,156.529,7.5,1.5,1.0757100582122803,2.0999999046325684,8.00753402709961,351,499.4000244140625,73.8711883,18.5142083
1771514368348000000,157.529,8.800000190734863,1.7000000476837158,1.085710048675537,2.0829999446868896,7.373910427093506,351,499.4000244140625,73.8711717,18.5142717
1771514369348000000,158.529,10.199999809265137,1.7999999523162842,1.095710039138794,2.049999952316284,6.577635288238525,349,499.4000244140625,73.8711517,18.5143333
1771514370347000000,159.528,15.5,2.4000000953674316,1.1057000160217285,2.065999984741211,6.081957817077637,345,499.4000244140625,73.8711367,18.5143883
1771514371347000000,160.528,14.899999618530273,2.0999999046325684,1.1157000064849854,2.115999937057495,5.357228755950928,342,499.4000244140625,73.87112,18.514435
1771514372347000000,161.528,15.899999618530273,2.299999952316284,1.1256999969482422,2.1500000953674316,5.151340007781982,347,499.4000244140625,73.8711033,18.5144733
1771514373347000000,162.528,13.5,2,1.135699987411499,2.183000087738037,5.887392997741699,355,499.4000244140625,73.8710933,18.51453
1771514374347000000,163.528,11.199999809265137,2,1.1456999778747559,2.2330000400543213,6.690874099731445,358,499.4000244140625,73.8710867,18.514595
1771514375347000000,164.528,11.600000381469727,2.0999999046325684,1.1556999683380127,2.299999952316284,6.820584297180176,1,499.4000244140625,73.87109,18.5146617
1771514376347000000,165.528,11.300000190734863,2,1.1656999588012695,2.365999937057495,6.953896999359131,1,499.4000244140625,73.8710917,18.5147267
1771514377347000000,166.528,10.199999809265137,1.7999999523162842,1.1756999492645264,2.382999897003174,6.970882892608643,1,499.4000244140625,73.8710917,18.5147917
1771514378347000000,167.528,12,2,1.1857000589370728,2.382999897003174,6.623960494995117,1,499.4000244140625,73.871095,18.5148583
1771514379347000000,168.528,11.399999618530273,2,1.1957000494003296,2.4000000953674316,6.629622459411621,2,499.4000244140625,73.871105,18.5149233
1771514380347000000,169.528,13,2.0999999046325684,1.2057000398635864,2.4000000953674316,5.999087333679199,6,499.4000244140625,73.87111,18.5149833
1771514381347000000,170.528,12.100000381469727,2,1.2157000303268433,2.365999937057495,5.8081254959106445,1,499.4000244140625,73.87111,18.515045
1771514382347000000,171.528,12.199999809265137,1.899999976158142,1.2257000207901,2.299999952316284,5.81533145904541,355,499.4000244140625,73.8711083,18.5150983
1771514383347000000,172.528,14.100000381469727,2,1.235700011253357,2.2829999923706055,5.899231433868408,355,499.4000244140625,73.871115,18.515155
1771514384347000000,173.528,15,2,1.2457000017166138,2.2829999923706055,5.535322666168213,353,499.4000244140625,73.87112,18.515215
1771514385347000000,174.528,13.600000381469727,1.899999976158142,1.2556999921798706,2.2829999923706055,5.44627571105957,356,499.4000244140625,73.8711333,18.51527
1771514386347000000,175.528,9.100000381469727,1.600000023841858,1.2656999826431274,2.2829999923706055,5.933203220367432,358,499.4000244140625,73.8711383,18.5153383
1771514387347000000,176.528,7.900000095367432,1.399999976158142,1.2756999731063843,2.2660000324249268,6.117473602294922,359,499.4000244140625,73.8711317,18.5154017
1771514388347000000,177.528,11,1.7000000476837158,1.2856999635696411,2.2829999923706055,5.867318630218506,3,499.4000244140625,73.871145,18.5154583
1771514389347000000,178.528,11.300000190734863,1.7999999523162842,1.295699954032898,2.2660000324249268,6.151445388793945,358,499.4000244140625,73.8711433,18.5155183
1771514390347000000,179.528,9.399999618530273,1.7000000476837158,1.3056999444961548,2.2330000400543213,6.2358598709106445,359,499.4000244140625,73.87114,18.5155817
1771514391347000000,180.528,13.100000381469727,2,1.3157000541687012,2.200000047683716,6.2065205574035645,2,499.4000244140625,73.8711483,18.5156367
1771514392347000000,181.528,14.300000190734863,2,1.325700044631958,2.183000087738037,5.876069068908691,1,499.4000244140625,73.8711533,18.51569
1771514393347000000,182.528,15.5,2.0999999046325684,1.3357000350952148,2.200000047683716,5.494144916534424,357,499.4000244140625,73.87115,18.5157417
1771514394347000000,183.528,17.799999237060547,2.0999999046325684,1.3457000255584717,2.200000047683716,4.960892677307129,356,499.4000244140625,73.8711467,18.5157917
1771514395347000000,184.528,18,2.200000047683716,1.3557000160217285,2.200000047683716,5.128692150115967,349,499.4000244140625,73.87114,18.51584
1771514396347000000,185.528,18.700000762939453,2.200000047683716,1.3657000064849854,2.2160000801086426,4.682427883148193,354,499.4000244140625,73.8711417,18.5158833
1771514397347000000,186.528,14.199999809265137,1.7000000476837158,1.3756999969482422,2.2160000801086426,4.573821544647217,358,499.4000244140625,73.8711433,18.5159267
1771514398347000000,187.528,13.899999618530273,1.7000000476837158,1.385699987411499,2.2160000801086426,4.571762561798096,359,499.4000244140625,73.8711367,18.5159733
1771514399347000000,188.528,15.600000381469727,1.7999999523162842,1.3956999778747559,2.2160000801086426,4.473965644836426,357,499.4000244140625,73.871135,18.5160183
1771514400347000000,189.528,16.5,1.7999999523162842,3.5022685527801514,2.2160000801086426,4.477568626403809,349,495.9000244140625,73.871125,18.51606
1771514401347000000,190.528,16.5,1.7000000476837158,3.5122687816619873,2.2160000801086426,4.10902738571167,342,495.9000244140625,73.8711133,18.5161033
1771514402347000000,191.528,23.799999237060547,1.7999999523162842,3.522268772125244,2.200000047683716,3.255618095397949,338,495.9000244140625,73.871105,18.5161383
1771514403347000000,192.528,28,1.7000000476837158,3.532268762588501,2.200000047683716,2.5082414150238037,335,495.9000244140625,73.8710983,18.5161633
1771514404347000000,193.528,24,1.600000023841858,3.542268753051758,2.183000087738037,2.5941998958587646,326,495.9000244140625,73.8710867,18.516185
1771514405347000000,194.528,20.799999237060547,1.2000000476837158,3.5522687435150146,2.1500000953674316,2.195805072784424,322,495.9000244140625,73.87107,18.5162
1771514406347000000,195.528,23.299999237060547,1.399999976158142,3.5622687339782715,2.115999937057495,2.30338191986084,322,495.9000244140625,73.871055,18.516215
1771514407347000000,196.528,14.399999618530273,1.100000023841858,3.5722687244415283,2.0829999446868896,2.6369218826293945,317,495.9000244140625,73.871035,18.5162283
1771514408347000000,197.528,18,1.399999976158142,3.582268714904785,2.049999952316284,2.8639144897460938,328,495.9000244140625,73.8710217,18.5162467
1771514409347000000,198.528,16.100000381469727,1.2999999523162842,3.592268705368042,2.0160000324249268,2.9905362129211426,345,495.9000244140625,73.8710117,18.5162717
1771514410347000000,199.528,18.299999237060547,1.5,3.602268695831299,2,3.0975983142852783,2,495.9000244140625,73.8710033,18.5162983
1771514411347000000,200.528,18.799999237060547,1.600000023841858,3.6122686862945557,2,3.1109812259674072,32,495.9000244140625,73.8710067,18.5163217
1771514412347000000,201.528,15.5,1.600000023841858,3.6222686767578125,2,3.911374092102051,49,495.9000244140625,73.87103,18.5163483
1771514413347000000,202.528,11.100000381469727,1.2999999523162842,3.6322686672210693,2,4.405507564544678,64,495.9000244140625,73.8710583,18.5163733
1771514414347000000,203.528,9.600000381469727,1.399999976158142,3.642268657684326,2,5.276932239532471,75,495.9000244140625,73.8711067,18.5163833
1771514415347000000,204.528,8.800000190734863,1.399999976158142,3.652268648147583,1.9830000400543213,5.760256290435791,81,495.9000244140625,73.8711633,18.51639
1771514416347000000,205.528,6,1.2999999523162842,3.66226863861084,1.9830000400543213,6.496309280395508,88,495.9000244140625,73.87123,18.5164017
1771514417347000000,206.528,7.400000095367432,1.5,3.6722686290740967,1.9830000400543213,7.25346565246582,91,495.9000244140625,73.8713033,18.5164033
1771514418347000000,207.528,7.5,1.600000023841858,3.6822686195373535,1.9830000400543213,7.871646881103516,91,495.9000244140625,73.8713817,18.5164
1771514419347000000,208.528,9.399999618530273,2,3.6922686100006104,2.0160000324249268,7.833557605743408,89,495.9000244140625,73.8714617,18.5164
1771514420347000000,209.528,9.5,2.0999999046325684,3.702268600463867,2.0329999923706055,7.7270097732543945,92,495.9000244140625,73.8715417,18.5163983
1771514421347000000,210.528,9,2.0999999046325684,3.712268590927124,2.0999999046325684,8.393060684204102,88,495.9000244140625,73.8716233,18.516405
1771514422347000000,211.528,8.699999809265137,2.0999999046325684,3.722268581390381,2.1659998893737793,8.95822525024414,86,495.9000244140625,73.8717033,18.5164017
1771514423347000000,212.528,7.599999904632568,1.899999976158142,3.7322685718536377,2.2160000801086426,8.93351936340332,84,495.9000244140625,73.8717967,18.516415
1771514424347000000,213.528,7.5,1.7000000476837158,3.7422685623168945,2.25,8.37555980682373,84,495.9000244140625,73.8718917,18.5164267
1771514425347000000,214.528,7.699999809265137,1.600000023841858,3.7522685527801514,2.25,7.669361114501953,85,495.9000244140625,73.87198,18.5164383
1771514426347000000,215.528,7,1.2999999523162842,3.7622687816619873,2.2660000324249268,7.086180686950684,84,495.9000244140625,73.8720533,18.516445
1771514427347000000,216.528,8,1.2999999523162842,3.772268772125244,2.2160000801086426,6.360422611236572,81,495.9000244140625,73.872115,18.5164567
1771514428347000000,217.528,7.599999904632568,1.2999999523162842,3.782268762588501,2.132999897003174,6.324391841888428,77,495.9000244140625,73.8721783,18.5164667
1771514429347000000,218.528,10.800000190734863,1.7999999523162842,3.792268753051758,2.0999999046325684,5.748932361602783,78,495.9000244140625,73.8722383,18.5164717
1771514430347000000,219.528,10.300000190734863,1.7000000476837158,3.8022687435150146,2.0829999446868896,5.549735069274902,81,495.9000244140625,73.8722933,18.5164817
1771514431347000000,220.528,7.900000095367432,1.600000023841858,3.8122687339782715,2.0829999446868896,5.586280345916748,82,495.9000244140625,73.8723417,18.5164883
1771514432347000000,221.528,8.199999809265137,1.5,3.8222687244415283,2.065999984741211,5.818934917449951,84,495.9000244140625,73.8723983,18.5164967
1771514433347000000,222.528,6.800000190734863,1.2999999523162842,3.832268714904785,2.0829999446868896,5.4231133460998535,84,495.9000244140625,73.8724517,18.5165033
1771514434347000000,223.528,6.099999904632568,1,3.842268705368042,2.0999999046325684,5.041189670562744,80,495.9000244140625,73.8725033,18.5165117
1771514435347000000,224.528,8.800000190734863,1.2000000476837158,3.852268695831299,2.0829999446868896,4.796181678771973,80,495.9000244140625,73.8725517,18.5165217
1771514436347000000,225.528,9.5,1.2999999523162842,3.8622686862945557,2.0829999446868896,4.77868127822876,80,495.9000244140625,73.8726,18.5165267
1771514436757000000,225.938,0,0,1,4.800000190734863,0,0,496.5,73.8726,18.5165267
1771514437347000000,226.528,12.5,1.7000000476837158,1.0059000253677368,4.414000034332275,4.816256046295166,84,496.5,73.8726433,18.5165267
1771514438347000000,227.528,7.599999904632568,1.399999976158142,1.0159000158309937,4.400000095367432,4.794122695922852,89,496.5,73.8726983,18.51654
1771514439347000000,228.528,7.800000190734863,1.2999999523162842,1.0259000062942505,4.370999813079834,4.320578098297119,83,496.5,73.8727467,18.5165483
1771514440347000000,229.528,15.699999809265137,1.5,1.0358999967575073,4.3420000076293945,2.9416375160217285,82,496.5,73.8727833,18.516555
1771514441347000000,230.528,17.700000762939453,1.5,1.0458999872207642,4.314000129699707,2.909209966659546,77,496.5,73.872815,18.5165617
1771514442347000000,231.528,28.399999618530273,1.7999999523162842,1.055899977684021,1.9329999685287476,2.71567440032959,77,496.5,73.8728417,18.5165717
1771514443347000000,232.528,34.29999923706055,1.899999976158142,1.0658999681472778,1.9329999685287476,2.485078811645508,90,496.5,73.872865,18.516575
1771514444347000000,233.528,29.100000381469727,1.899999976158142,1.0758999586105347,1.965999960899353,2.48919677734375,88,496.5,73.8728867,18.5165783
1771514445347000000,234.528,35,2,1.0858999490737915,2.0160000324249268,2.3574278354644775,96,496.5,73.872905,18.5165783
1771514446347000000,235.528,34.20000076293945,2.0999999046325684,1.095900058746338,2.0999999046325684,2.628171682357788,107,496.5,73.8729267,18.5165683
1771514447347000000,236.528,27.100000381469727,2.0999999046325684,1.1059000492095947,2.200000047683716,3.4244470596313477,102,496.5,73.872955,18.51656
1771514448347000000,237.528,26.899999618530273,2.200000047683716,1.1159000396728516,2.2660000324249268,3.552612781524658,94,496.5,73.8729917,18.516555
1771514449347000000,238.528,22,2,1.1259000301361084,2.299999952316284,3.706514835357666,85,496.5,73.8730317,18.5165617
1771514450347000000,239.528,16,1.7999999523162842,1.1359000205993652,2.299999952316284,3.6257033348083496,75,496.5,73.87309,18.516615
1771514451347000000,240.528,14.100000381469727,1.7000000476837158,1.145900011062622,2.299999952316284,3.8068854808807373,77,496.5,73.8731383,18.5166417
1771514452347000000,241.528,14.800000190734863,1.7000000476837158,1.155900001525879,2.2829999923706055,4.103880405426025,82,496.5,73.8731867,18.516655
1771514453347000000,242.528,12.100000381469727,1.399999976158142,1.1658999919891357,2.2330000400543213,4.4013895988464355,83,496.5,73.8732333,18.5166633
1771514454347000000,243.528,10.800000190734863,1.399999976158142,1.1758999824523926,2.1659998893737793,4.127042770385742,87,496.5,73.8732767,18.5166667
1771514455347000000,244.528,10.199999809265137,1.399999976158142,1.1858999729156494,2.115999937057495,4.390580654144287,89,496.5,73.873315,18.516665
1771514456347000000,245.528,14.600000381469727,1.7000000476837158,1.1958999633789062,2.0829999446868896,4.541394233703613,96,496.5,73.8733617,18.51666
1771514457347000000,246.528,16.700000762939453,1.7999999523162842,1.205899953842163,2.0829999446868896,4.102850914001465,97,496.5,73.8734,18.5166483
1771514458347000000,247.528,15.5,1.7000000476837158,1.21589994430542,2.0829999446868896,4.210942268371582,98,496.5,73.8734383,18.516645
1771514459347000000,248.528,19.100000381469727,1.7999999523162842,1.2259000539779663,2.115999937057495,3.638056755065918,103,496.5,73.8734733,18.5166367
1771514460347000000,249.528,20.5,2.0999999046325684,1.2359000444412231,2.1500000953674316,3.445035934448242,108,496.5,73.873505,18.5166267
1771514461347000000,250.528,19.100000381469727,2,1.24590003490448,2.200000047683716,3.665851593017578,102,496.5,73.87354,18.5166217
1771514462347000000,251.528,17.600000381469727,1.899999976158142,1.2559000253677368,2.2660000324249268,3.7955615520477295,101,496.5,73.8735767,18.5166167
1771514463347000000,252.528,15.699999809265137,1.7999999523162842,1.2659000158309937,2.299999952316284,4.071967601776123,110,496.5,73.873615,18.51661
1771514464347000000,253.528,16.100000381469727,1.7999999523162842,1.2759000062942505,2.3329999446868896,3.807914972305298,104,496.5,73.8736517,18.5166033
1771514465347000000,254.528,17.399999618530273,1.7000000476837158,1.2858999967575073,2.3499999046325684,3.4476094245910645,101,496.5,73.8736917,18.516595
1771514466347000000,255.528,15.100000381469727,1.600000023841858,1.2958999872207642,2.382999897003174,3.951007843017578,99,496.5,73.8737383,18.5165867
1771514467347000000,256.528,14.399999618530273,1.5,1.305899977684021,2.4000000953674316,3.988067865371704,96,496.5,73.8737783,18.516585
1771514468347000000,257.528,16,1.5,1.3158999681472778,2.382999897003174,3.830048084259033,99,496.5,73.8738133,18.5165817
1771514469347000000,258.528,17.600000381469727,1.7999999523162842,1.3258999586105347,2.365999937057495,3.8212978839874268,102,496.5,73.8738533,18.5165733
1771514470347000000,259.528,15.5,1.600000023841858,1.3358999490737915,2.3499999046325684,3.858872413635254,96,496.5,73.8738967,18.5165583
1771514471347000000,260.528,11.300000190734863,1.2999999523162842,1.345900058746338,2.299999952316284,4.3015336990356445,91,496.5,73.87395,18.51656
1771514472347000000,261.528,8.199999809265137,1.100000023841858,1.3559000492095947,2.25,4.918685436248779,94,496.5,73.8740017,18.5165567
1771514473347000000,262.528,9.800000190734863,1.399999976158142,1.3659000396728516,2.183000087738037,5.117883205413818,92,496.5,73.8740617,18.516555
1771514474347000000,263.528,12.899999618530273,1.7000000476837158,1.3759000301361084,2.132999897003174,4.970157623291016,84,496.5,73.87412,18.516555
1771514475347000000,264.528,10.600000381469727,1.5,1.3859000205993652,2.065999984741211,5.365464210510254,79,496.5,73.8741783,18.5165633
1771514476347000000,265.528,10.800000190734863,1.399999976158142,1.395900011062622,2,5.390171051025391,85,496.5,73.8742367,18.5165667
1771514477347000000,266.528,11,1.5,1.405900001525879,1.965999960899353,5.6048102378845215,86,496.5,73.8742917,18.5165667
1771514478347000000,267.528,9.699999809265137,1.2999999523162842,1.4158999919891357,1.9329999685287476,5.830258846282959,86,496.5,73.8743533,18.5165667
1771514479347000000,268.528,11.800000190734863,1.7000000476837158,1.4258999824523926,1.9160000085830688,5.711872577667236,88,496.5,73.8744133,18.5165667
1771514480347000000,269.528,8.199999809265137,1.5,1.4358999729156494,1.899999976158142,5.733490943908691,83,496.5,73.8744733,18.51657
1771514481347000000,270.528,7.400000095367432,1.2999999523162842,1.4458999633789062,1.9329999685287476,6.020705699920654,83,496.5,73.8745317,18.5165767
1771514482347000000,271.528,8.600000381469727,1.5,1.455899953842163,1.965999960899353,6.107693672180176,79,496.5,73.8745933,18.5165917
1771514483347000000,272.528,8.199999809265137,1.399999976158142,1.46589994430542,1.9830000400543213,6.094311237335205,74,496.5,73.8746517,18.5166133
1771514484347000000,273.528,8.899999618530273,1.399999976158142,1.4759000539779663,2.0160000324249268,5.894598960876465,74,496.5,73.8747117,18.516625
1771514485347000000,274.528,10.399999618530273,1.5,1.4859000444412231,2.0329999923706055,5.748417854309082,77,496.5,73.87477,18.5166317
1771514486347000000,275.528,11.100000381469727,1.600000023841858,1.49590003490448,2.049999952316284,5.472526550292969,75,496.5,73.874825,18.51664
1771514487347000000,276.528,10.600000381469727,1.5,1.5059000253677368,2.0329999923706055,5.238842964172363,76,496.5,73.8748767,18.51665
1771514488347000000,277.528,8.100000381469727,1.2999999523162842,1.5159000158309937,2,4.269620895385742,71,496.5,73.87492,18.5166617
1771514489347000000,278.528,9,1.100000023841858,1.5259000062942505,1.9830000400543213,3.865049123764038,66,496.5,73.874955,18.5166783
1771514490347000000,279.528,9.699999809265137,1.2000000476837158,1.0167499780654907,1.9329999685287476,4.243884563446045,72,498.8000183105469,73.87499,18.5166967
1771514491347000000,280.528,8,0.8999999761581421,1.0267499685287476,1.8830000162124634,4.391610145568848,73,498.8000183105469,73.8750317,18.5167117
1771514492347000000,281.528,6.900000095367432,0.8999999761581421,1.0367499589920044,1.8329999446868896,4.981481552124023,74,498.8000183105469,73.8750833,18.516725
1771514493347000000,282.528,7.800000190734863,1.100000023841858,1.0467499494552612,1.7829999923706055,5.40303897857666,76,498.8000183105469,73.875135,18.5167383
1771514494347000000,283.528,6.699999809265137,1,1.0567500591278076,1.75,5.523998737335205,78,498.8000183105469,73.87519,18.5167517
1771514495347000000,284.528,7.099999904632568,1,1.0667500495910645,1.715999960899353,5.393774032592773,77,498.8000183105469,73.8752433,18.5167633
1771514496347000000,285.528,5.199999809265137,0.800000011920929,1.0767500400543213,1.7000000476837158,5.426201820373535,81,498.8000183105469,73.875295,18.5167733
1771514497347000000,286.528,9,1.100000023841858,1.0867500305175781,1.7000000476837158,5.129721641540527,80,498.8000183105469,73.875345,18.5167817
1771514498347000000,287.528,13.300000190734863,1.2999999523162842,1.096750020980835,1.75,4.512054920196533,80,498.8000183105469,73.87539,18.5167867
1771514499347000000,288.528,15.399999618530273,1.399999976158142,1.1067500114440918,1.815999984741211,4.153293609619141,77,498.8000183105469,73.8754283,18.51679
1771514500347000000,289.528,14.5,1.2999999523162842,1.1167500019073486,1.899999976158142,4.172852993011475,77,498.8000183105469,73.8754617,18.5167967
1771514501347000000,290.528,14.899999618530273,1.5,1.0281599760055542,1.9830000400543213,4.278885841369629,81,499.3000183105469,73.8754967,18.5167983
1771514502347000000,291.528,13.699999809265137,1.5,1.038159966468811,2.065999984741211,4.616543769836426,83,499.3000183105469,73.87554,18.5167917
1771514503347000000,292.528,10.300000190734863,1.100000023841858,1.0481599569320679,2.132999897003174,4.303592681884766,78,499.3000183105469,73.87558,18.5168
1771514504347000000,293.528,10.100000381469727,1,1.0581599473953247,2.115999937057495,3.8017382621765137,75,499.3000183105469,73.8756167,18.51681
1771514505347000000,294.528,12.300000190734863,1.100000023841858,1.068160057067871,2.065999984741211,3.2813541889190674,73,499.3000183105469,73.87565,18.516825
1771514506347000000,295.528,25.100000381469727,1.399999976158142,1.078160047531128,2.0160000324249268,2.151024103164673,81,499.3000183105469,73.875675,18.51683
1771514507347000000,296.528,40.900001525878906,2.4000000953674316,1.0881600379943848,1.9830000400543213,1.9806511402130127,78,499.3000183105469,73.875695,18.516835
1771514508347000000,297.528,51.5,2,1.0981600284576416,1.965999960899353,1.3846027851104736,78,499.3000183105469,73.8757117,18.5168317
1771514509347000000,298.528,0,1.600000023841858,1.1081600189208984,1.965999960899353,0,0,499.3000183105469,73.8757083,18.5168267
1771514510347000000,299.528,0,1.2000000476837158,1.1181600093841553,2,0,0,499.3000183105469,73.8757083,18.516815
1771514511347000000,300.528,0,1,1.128159999847412,2.065999984741211,0,0,499.3000183105469,73.8757067,18.51681
1771514512347000000,301.528,0,0.8999999761581421,1.138159990310669,2.115999937057495,0,0,499.3000183105469,73.8757067,18.51681
1771514512524000000,301.705,0,0,1.7486164569854736,3.3299999237060547,0,0,499.8000183105469,73.8757067,18.51681
